about.html	images/about/about-us-hero.png
about.html	images/about/about_02.jpg
base.html	images/Penasia-Logo.PNG
certificates/view.html	images/penasia-logo.png
course_detail.html	images/courses/courses_01.jpg
course_detail.html	images/courses/courses_01.jpg
course_detail.html	images/courses/courses_03.jpg
course_detail.html	images/university/classroom-02.jpg
course_detail_premium.html	images/courses/courses_01.jpg
courses.html	images/courses/courses_01.jpg
courses.html	images/courses/courses_01.jpg
courses.html	images/courses/courses_01.jpg
courses.html	images/courses/courses_03.jpg
courses.html	images/university/classroom-02.jpg
facilities.html	images/facilities/facility-01.png
facilities.html	images/facilities/facility-02.png
facilities.html	images/university/campus-exterior-03.jpg
facilities.html	images/university/campus-exterior-03.jpg
facilities.html	images/university/classroom-01.jpg
facilities.html	images/university/facility-01.jpg
facilities.html	images/university/facility-03.jpg
facilities.html	images/university/smart-class-room.png
faculty.html	images/faculty/faculty_01.jpg
faculty.html	images/faculty/faculty_02.jpg
faculty.html	images/faculty/faculty_03.jpg
faculty.html	images/faculty/faculty_04.jpg
faculty.html	images/faculty/faculty_05.jpg
faculty.html	images/faculty/faculty_06.jpg
faculty.html	images/faculty/faculty_07.jpg
faculty.html	images/faculty/faculty_08.jpg
faculty_old.html	images/faculty/faculty_01.jpg
faculty_old.html	images/faculty/faculty_02.jpg
faculty_old.html	images/faculty/faculty_03.jpg
faculty_old.html	images/faculty/faculty_04.jpg
faculty_old.html	images/faculty/faculty_05.jpg
faculty_old.html	images/faculty/faculty_06.jpg
faculty_old.html	images/faculty/faculty_07.jpg
faculty_old.html	images/faculty/faculty_08.jpg
faculty_old.html	images/testimonials/testimonials_01.jpg
faculty_old.html	images/testimonials/testimonials_02.jpg
faculty_old.html	images/testimonials/testimonials_03.jpg
index.html	images/about/about_01.jpg
index.html	images/about/about_02.jpg
index.html	images/courses/courses_01.jpg
index.html	images/courses/courses_01.jpg
index.html	images/courses/courses_03.jpg
index.html	images/testimonials/testimonials_01.jpg
index.html	images/testimonials/testimonials_02.jpg
index.html	images/testimonials/testimonials_03.jpg
index.html	images/university/campus-exterior-01.jpg
index.html	images/university/classroom-02.jpg
news.html	images/about/about_02.jpg
news.html	images/courses/courses_01.jpg
news.html	images/courses/courses_01.jpg
news.html	images/facilities/facilities_01.jpg
news.html	images/facilities/facilities_01.jpg
news.html	images/hero/hero_01.jpg
news.html	images/hero/hero_02.jpg
news.html	images/testimonials/testimonials_01.jpg
student_life.html	images/testimonials/testimonials_01.jpg
student_life.html	images/testimonials/testimonials_02.jpg
student_life.html	images/testimonials/testimonials_03.jpg
student_life.html	images/university/student-life-01.jpg
student_life.html	images/university/student-life-02.jpg
student_life.html	images/university/student-life-03.jpg
